track,artist,album,genre,price,release_date
BEMR (feat. dvrelz),290,9,Hip-Hop/Rap,0.99,2026-05-24
Ticket,mac ova seas,Rebuild,Chinese Hip-Hop,1.29,2026-05-31
HNDTGHV (feat. BPXC),290,9,Hip-Hop/Rap,0.99,2026-05-24
40K50K220K,290,9,Hip-Hop/Rap,0.99,2026-05-24
Endless Legacy (光年),mac ova seas,Rebuild,Chinese Hip-Hop,1.29,2026-05-31
OYJ,Sonsi,Nisemono,Hip-Hop/Rap,,2026-02-18
YOSEMITE,Travis Scott,ASTROWORLD,Hip-Hop/Rap,1.29,2018-08-03
Talk (feat. Disclosure),Khalid,Free Spirit,R&B/Soul,1.29,2019-02-07
Location,Khalid,American Teen,R&B/Soul,1.29,2016-08-26
Young Dumb & Broke,Khalid,American Teen,R&B/Soul,1.29,2017-02-02
One Dance (feat. Wizkid & Kyla),Drake,Views,Hip-Hop/Rap,1.29,2016-04-05
Circles,Post Malone,Hollywood's Bleeding,Hip-Hop/Rap,1.29,2019-08-30
"Hold On, We're Going Home (feat. Majid Jordan)",Drake,Nothing Was the Same (Deluxe),Hip-Hop/Rap,1.29,2013-08-07
Sunflower (Spider-Man: Into the Spider-Verse),Post Malone & Swae Lee,Spider-Man: Into the Spider-Verse (Soundtrack From & Inspired by the Motion Picture),Hip-Hop/Rap,1.29,2018-10-19
luther,Kendrick Lamar,GNX,Hip-Hop/Rap,1.29,2024-11-21
百达斐丽 Hello Kitty,mac ova seas,Rebuild,Chinese Hip-Hop,1.29,2026-05-31
No Scrubs,TLC,FanMail,R&B/Soul,1.29,1999-02-02
Heartless,Kanye West,808s & Heartbreak,Hip-Hop/Rap,1.29,2008-11-04
IF I,TREASURE,4th MINI ALBUM [NEW WAV] - EP,Korean Hip-Hop,1.29,2026-06-01
NALLY-NA (HYUNHAYO),TREASURE,4th MINI ALBUM [NEW WAV] - EP,Korean Hip-Hop,1.29,2026-06-01
DANGER,TREASURE,4th MINI ALBUM [NEW WAV] - EP,Korean Hip-Hop,1.29,2026-06-01
WYWD (What You Wanna Do),mac ova seas,Rebuild,Chinese Hip-Hop,1.29,2026-05-31
LOVE. (feat. Zacari),Kendrick Lamar,DAMN.,Hip-Hop/Rap,1.29,2017-04-14
Let Me Know,mac ova seas,Rebuild,Chinese Hip-Hop,1.29,2026-05-31
伤疤 (feat. SETI),mac ova seas,Rebuild,Chinese Hip-Hop,1.29,2026-05-31
Let You Down,NF,Perception,Hip-Hop/Rap,1.29,2017-01-01
Broadway Girls (feat. Morgan Wallen),Lil Durk,Broadway Girls (feat. Morgan Wallen) - Single,Hip-Hop/Rap,1.29,2021-12-19
BUTTERFLY EFFECT,Travis Scott,ASTROWORLD,Hip-Hop/Rap,1.29,2017-05-15
Down On Me (feat. 50 Cent),Jeremih,All About You (Deluxe Edition),R&B/Soul,1.29,2010-09-28
Old Town Road (feat. Billy Ray Cyrus) [Remix],Lil Nas X,7,Country,1.29,2019-04-05
In My Feelings,Drake,Scorpion,Hip-Hop/Rap,1.29,2018-06-29
Hip Hop,Owen,P.O.E.M.,Korean Hip-Hop,0.99,2016-01-15
One Dance (feat. Wizkid & Kyla),Drake,Views,Hip-Hop/Rap,1.29,2016-04-05
Favorite Song,Toosii,Favorite Song - Single,Hip-Hop/Rap,1.29,2023-02-17
No Idea,Don Toliver,Heaven Or Hell,Hip-Hop/Rap,1.29,2019-05-29
My House,Flo Rida,My House,Hip-Hop/Rap,1.29,2015-04-07
Doo Wop (That Thing),Lauryn Hill,The Miseducation of Lauryn Hill,R&B/Soul,1.29,1998-08-10
